PTMO_wt_frac,y_true,y_physics,y_baseline,y_guided
0.05,316.72769095911,312.07729468599035,377.9897858926779,307.8002562978601
0.1,300.6170270295806,301.86915887850466,327.17332285738223,306.6736203654328
0.2,288.83868590718924,283.3333333333333,284.7481828236019,288.87614630490293
0.3,279.1389746352015,266.9421487603306,268.5307299437652,269.13341199125904
0.4,250.57113578041472,252.34375,243.25925051901518,260.47454248111245
0.6,225.86705132898769,227.46478873239437,373.34599649497994,210.2819930130311
