PTMO_wt_frac,y_true,y_physics,y_baseline,y_guided
0.05,508.02991528485575,485.04999999999995,591.1645467594101,504.96859787597907
0.1,487.0612702364911,476.1,510.96946029766445,489.23965501396685
0.2,451.74660509093815,458.20000000000005,457.7358891949622,467.26993857801676
0.3,447.46667561572696,440.29999999999995,427.31499326193847,433.5383395867832
0.4,416.5275709966805,422.4,388.4962998640088,423.97921821869807
0.6,381.1984663180922,386.6,617.8625448637414,357.15989219317083
