PTMO_wt_frac,y_true,y_physics,y_baseline,y_guided
0.05,2070.180788532846,2040.5565269812093,1620.446714119506,1833.2432836606172
0.1,1316.3827925641183,1487.0967642162925,1616.1540027713638,1485.3450352575785
0.2,708.0649683455749,789.8059950509164,655.84295374231,695.6193546982494
0.3,405.3189043501686,419.47069271387363,458.6421963463019,394.26295300697956
0.4,209.24487894784556,222.78339636370296,275.3157700027611,221.66145844944504
0.6,64.02617067608355,62.841307873520414,377.8685141509877,51.31034135101436
