PTMO_wt_frac,Nylon610_wt_frac,Tg_K,Tg_C,Tm_K,Tm_C,E_MPa,k_W_mK
0.05,0.95,316.72769095911,43.57769095911004,508.02991528485575,234.87991528485577,2070.180788532846,0.2606994864328095
0.1,0.9,300.6170270295806,27.467027029580606,487.06127023649105,213.91127023649108,1316.3827925641185,0.24515350757374504
0.2,0.8,288.83868590718924,15.688685907189267,451.74660509093815,178.59660509093817,708.0649683455749,0.24220091543169406
0.3,0.7,279.1389746352015,5.988974635201544,447.46667561572696,174.31667561572698,405.3189043501686,0.20659115588496405
0.4,0.6,250.57113578041472,-22.578864219585256,416.5275709966805,143.3775709966805,209.24487894784554,0.18437275568987735
0.6,0.4,225.86705132898766,-47.28294867101232,381.1984663180922,108.04846631809221,64.02617067608355,0.1301870274002491
